Player,Team,Games,Kicks,Marks,Handballs,Disposals,Goals,Behinds,Hit Outs,Tackles,Rebound 50s,Inside 50s,Clearances,Clangers,Frees For,Frees Against,Brownlow Votes,Contested Possessions,Uncontested Possessions,Contested Marks,Marks Inside 50,One Percenters,Bounces,Goal Assists
"Neale, Lachie",BL,17,231,74,237,468,11,13, ,53,25,73,90,48,19,11, ,212,249,4,8,11,4,1
"Macrae, Jack",WB,17,193,45,262,455,3,3,7,68,29,73,71,44,28,10, ,178,286,3, ,23,4,5
"Lloyd, Jake",SY,17,284,81,155,439,1, , ,37,96,23,12,31,11,5, ,104,240,3, ,37,1,4
"Mitchell, Tom",HW,17,172,52,257,429,2,1, ,75,28,46,73,46,20,18, ,176,254,1,1,13,3,3
"Oliver, Clayton",ME,17,195,57,230,425,3,1, ,92,27,64,110,69,22,22, ,227,203,3,1,13,1,9
"Merrett, Zach",ES,16,221,69,199,420,2,2, ,55,30,78,57,46,15,12, ,124,295,2,1,19,4,7
"Crouch, Matt",AD,16,162,44,256,418,2,3, ,74,29,35,68,41,19,14, ,155,262, ,1,11,1,1
"Gaff, Andrew",WC,17,240,75,173,413,5,4, ,40,29,54,39,41,15,7, ,123,283,2,10,22,7,8
"Petracca, Christian",ME,17,201,58,199,400,15,14, ,55,20,69,65,60,18,16, ,216,199,7,15,13,2,13
"Boak, Travis",PA,17,193,47,201,394,8,7, ,63,14,70,88,33,12,6, ,170,226,2,5,15,1,11
"Whitfield, Lachie",GW,17,224,111,166,390,1,2, ,34,67,39,26,49,15,12, ,91,280,5,3,24,2,7
"Adams, Taylor",CW,17,220,62,169,389,8,2, ,90,15,56,93,59,28,22, ,181,211,4,4,22,3,4
"Laird, Rory",AD,17,186,46,203,389,3,1, ,69,54,47,52,56,19,20, ,150,248,1,1,18,1,4
"Parker, Luke",SY,17,190,54,187,377,6,5, ,84,23,52,82,66,22,21, ,192,174,4,7,31, ,6
"Steele, Jack",SK,17,186,64,190,376,10,2, ,94,20,57,89,44,22,11, ,189,186,8,9,25,1,11
"Guthrie, Cameron",GE,17,188,79,186,374,5,1, ,68,28,42,66,47,15,16, ,136,225,3,4,12,4,7
"Menegola, Sam",GE,17,211,97,161,372,13,3, ,27,33,53,47,48,3,14, ,129,244,7,10,17,1,11
"Lyons, Jarryd",BL,17,233,58,138,371,4,9, ,70,15,69,86,38,19,10, ,182,170,4,3,19, ,9
"Dangerfield, Patrick",GE,17,232,66,134,366,11,16, ,47,22,85,79,55,29,24, ,198,165,16,15,23,5,19
"Higgins, Shaun",NM,17,186,63,177,363,4,1, ,50,40,46,33,45,14,15, ,96,260,1,2,15,4,4
"Smith, Bailey",WB,17,181,29,177,358,6,7, ,45,20,58,57,36,7,11, ,123,239, ,1,7,7,5
"Bontempelli, Marcus",WB,17,197,56,158,355,11,6,1,82,23,72,89,60,15,21, ,171,198,12,11,54, ,11
"Walsh, Sam",CA,17,193,73,156,349,8,4, ,47,26,66,45,52,7,14, ,143,213,2,1,13,4,5
"Kelly, Tim",WC,17,203,44,145,348,5,4, ,67,34,70,71,60,10,15, ,151,203,1,2,11,2,16
"Shiel, Dylan",ES,15,188,38,159,347,4,6, ,52,20,58,74,40,18,9, ,143,190, ,2,19,10,8
"Simpkin, Jy",NM,17,171,37,173,344,6,5, ,63,19,43,74,67,21,27, ,163,184,2,4,16,4,3
"McDonald, Luke",NM,17,209,68,135,344, , , ,44,85,28,12,44,7,17, ,88,202,7,1,40, , 
"Dumont, Trent",NM,17,176,52,166,342,3,4, ,76,28,52,56,28,18,8, ,133,211,2,4,19, ,5
"Langdon, Ed",ME,17,216,88,125,341,2,8, ,22,35,53,24,39,6,12, ,94,245,4,4,14,8,2
"Miller, Touk",GC,17,177,50,163,340,3,4, ,88,29,40,66,47,31,14, ,158,198,1,2,28, ,7
"Brayshaw, Andrew",FR,17,147,49,191,338, ,3, ,83,25,38,52,31,18,8, ,137,205,1,2,28,7,5
"Coniglio, Stephen",GW,16,196,44,141,337,5,8, ,62,18,38,69,51,17,19, ,137,196,1,6,11,5,7
"Daniel, Caleb",WB,17,211,57,126,337,2,2, ,39,65,26,19,28,7,9, ,98,191, , ,37,6,2
"Cripps, Patrick",CA,17,152,40,182,334,7,11, ,81,10,53,101,61,38,25, ,202,136,11,10,24,3,1
"Crisp, Jack",CW,17,199,82,135,334,2,2, ,45,43,50,21,37,14,9, ,91,249,5, ,47,6,6
"Martin, Dustin",RI,16,192,46,136,328,15,11,1,39,1,81,58,68,11,20, ,159,163,14,11,27,14,9
"Hopper, Jacob",GW,17,159,40,168,327,1,7, ,71,29,41,63,43,22,18, ,166,162,1,3,4,1,4
"Parish, Darcy",ES,17,146,27,180,326,7,4, ,52,12,56,72,52,5,9, ,156,173,1,4,11, ,6
"Maynard, Brayden",CW,17,239,72,87,326, ,1, ,45,67,35,11,40,17,14, ,103,195,11, ,52, ,3
"Billings, Jack",SK,17,187,70,136,323,11,4, ,41,25,49,35,39,12,6, ,109,216,2,5,25, ,6
"Wines, Ollie",PA,15,149,26,174,323,8,5, ,56,12,57,72,36,23,9, ,157,165, ,3,17, ,5
"Rockliff, Tom",PA,14,170,35,153,323,4,3, ,86,17,33,56,38,15,9, ,124,188, ,1,17, ,1
"Pendlebury, Scott",CW,13,158,38,164,322,1,2,1,41,12,56,59,35,17,3, ,130,194, , ,33, ,9
"Short, Jayden",RI,17,238,99,84,322, ,3, ,16,72,43,7,24,8,6, ,74,206,4,2,25,25,3
"Saad, Adam",ES,17,202,49,119,321,2,1, ,34,76,50,11,33,10,8, ,85,209,2, ,62,12,3
"Curnow, Ed",CA,17,212,42,108,320,4,3, ,88,27,64,71,51,13,18, ,153,156,3,1,24,1,6
"Sheed, Dom",WC,16,164,52,155,319,8,3, ,39,29,42,82,55,14,16, ,159,177,2,3,21,4,2
"McCluggage, Hugh",BL,17,196,62,122,318,7,20, ,46,27,58,39,31,13,5, ,133,194,1,8,21, ,12
"Viney, Jack",ME,16,166,40,152,318,5,4, ,67,13,68,82,55,28,15, ,175,152,4,2,22, ,10
"Liberatore, Tom",WB,15,144,29,172,316,4,3, ,55,20,41,70,37,11,20, ,173,154,2,4,19, ,5
"Ryan, Luke",FR,17,251,88,65,316, , , ,20,112,12,5,29,11,13, ,71,157,5, ,80,7,1
"Anderson, Jed",NM,15,177,41,138,315,3,4, ,75,19,53,64,47,21,8, ,146,162,2,3,17, ,10
"Murphy, Marc",CA,17,178,63,135,313,4,7, ,37,14,51,41,45,11,18, ,106,199, ,7,11,4,7
"Duncan, Mitch",GE,16,197,92,114,311,12,7, ,53,33,42,30,47,12,14, ,88,223,3,10,17,11,12
"McGrath, Andrew",ES,14,149,22,161,310, ,1, ,67,28,35,69,48,14,12, ,128,177, , ,17,6,3
"Kelly, Josh",GW,14,177,42,132,309,5,8, ,58,27,54,55,26,16,8, ,125,183,1,5,12,3,8
"Ridley, Jordan",ES,17,211,110,93,304, ,2, ,20,71,16,7,25,10,8, ,66,205,18, ,86,2,4
"Greenwood, Hugh",GC,17,173,27,130,303,3,4,3,117,27,35,93,52,16,18, ,211,97,4,1,27, ,6
"Salem, Christian",ME,16,200,64,101,301,2, , ,41,59,32,9,40,4,11, ,70,204,5,1,20,4,3
"Fyfe, Nat",FR,14,129,43,170,299,10,6, ,42,16,32,64,45,19,18, ,175,127,16,11,34, ,7
"Docherty, Sam",CA,16,216,83,82,298, ,1, ,19,83,30,8,37,15,6, ,83,183,2, ,28,5,1
"Cerra, Adam",FR,17,143,51,152,295,2,3, ,64,19,35,35,36,17,17, ,122,180,3,1,25,1,5
"Byrne-Jones, Darcy",PA,17,183,60,112,295, ,2, ,31,35,32,38,41,16,7, ,116,182,2,2,32,7,2
"Perryman, Harry",GW,16,170,61,124,294,11,2, ,32,37,43,19,38,10,8, ,107,193,6,5,27, ,2
"Ellis, Brandon",GC,16,194,68,99,293,5,3, ,42,29,44,21,47,13,13, ,82,196,3,1,16,9,2
"Smith, Devon",ES,16,158,40,133,291,7,7, ,61,24,40,25,44,15,12, ,101,170,1,1,12,2,3
"Mundy, David",FR,16,131,33,159,290,4,1, ,59,19,40,72,29,7,9, ,141,160, ,3,18,1,3
"Bowes, Jack",GC,17,195,69,95,290,1, , ,30,61,25,16,45,5,10, ,97,163,6,2,31,1,3
"Langford, Kyle",ES,16,146,65,142,288,11,9, ,30,11,35,26,41,9,8, ,105,181,8,15,11,6,5
"Weller, Lachie",GC,17,161,39,126,287,12,3, ,48,36,52,52,44,13,9, ,108,168,1,1,13,16,2
"Worpel, James",HW,15,167,39,120,287,2,7, ,81,9,41,47,48,11,18, ,125,154, ,4,16, ,3
"Shiels, Liam",HW,16,162,46,124,286,6, , ,55,22,41,43,53,10,18, ,102,178,2,5,17,1,2
"Daicos, Josh",CW,16,155,63,130,285,10,3, ,36,23,36,31,30,14,7, ,95,193,3,3,10,1,1
"Anderson, Noah",GC,17,159,48,122,281,4,4, ,32,17,51,38,42,10,10, ,121,159,2,5,20,3,4
"Gray, Robbie",PA,17,112,37,167,279,15,6, ,51,2,34,39,34,9,17, ,123,161,4,10,25,3,12
"Williams, Bailey",WB,17,191,76,88,279,3,2, ,24,86,40,5,33,12,9, ,69,188,5,1,39,7,3
"Amon, Karl",PA,17,181,57,97,278,5,8, ,46,30,48,27,42,5,12, ,77,206,3,5,19,2,6
"Florent, Oliver",SY,17,180,40,98,278,4,4, ,43,19,72,47,45,7,13, ,109,172,2,3,19,8,4
"Lukosius, Jack",GC,17,219,62,59,278,3,3, ,27,84,36,7,50,8,13, ,70,149,9,1,31,4,2
"Smith, Brodie",AD,16,203,58,72,275,5,6, ,38,60,48,16,40,7,10, ,68,177,2,2,22,3,3
"Sheppard, Brad",WC,17,185,107,90,275,2, , ,34,58,12,4,23,14,7, ,62,203,1, ,70,2,2
"Jones, Zak",SK,14,145,43,129,274,5,8, ,52,19,42,55,53,13,14, ,132,143, ,4,9,8,7
"Clark, Hunter",SK,16,164,55,110,274,1,1, ,43,38,22,32,49,12,19, ,101,171,2,1,17, ,2
"May, Steven",ME,17,210,76,62,272,1, , ,14,90,11, ,23,9,4, ,61,123,12,1,113,1,1
"Haynes, Nick",GW,17,208,121,64,272, , , ,23,71,18,8,35,13,7, ,77,199,15,2,82,6,2
"Mills, Callum",SY,15,164,77,107,271, ,1, ,49,46,21,17,38,18,15, ,93,163,4, ,55,2, 
"Swallow, David",GC,15,154,54,116,270,4,10, ,59,21,45,66,52,8,21, ,135,137,4,6,13, ,2
"Hill, Bradley",SK,17,186,60,84,270,2,3, ,23,30,45,14,41,4,10, ,40,217, ,4,10,19,4
"Atley, Shaun",NM,17,132,57,136,268,1, , ,25,38,29,12,28,9,9, ,78,192, ,1,22,11,6
"Keays, Ben",AD,16,147,47,118,265,3,5, ,53,25,40,47,35,9,14, ,109,155,1,1,14, ,3
"Aish, James",FR,16,162,63,103,265, ,2, ,25,25,39,15,26,14,4, ,66,191,1,3,13,1,7
"Stewart, Tom",GE,14,205,96,60,265, ,1, ,19,74,27,9,24,3,8, ,59,161,8,1,46, ,1
"Crouch, Brad",AD,12,136,20,128,264,2,1, ,45,15,36,59,49,15,14, ,123,135, ,1,5, ,2
"Simpson, Kade",CA,17,201,66,63,264,1, , ,19,62,21,10,34,11,7, ,70,154,2, ,29,6,1
"Duggan, Liam",WC,16,198,93,63,261, ,2, ,31,45,32,13,29,8,8, ,64,197,1, ,43,2,2
"Dawson, Jordan",SY,16,183,60,77,260,6,7, ,38,47,35,14,34,13,10, ,73,167,14,4,45,1,10
"Noble, John",CW,15,145,53,114,259,1, , ,26,37,20,6,33,12,8, ,55,200, , ,13,4,1
"Tuohy, Zach",GE,15,199,62,59,258,5,6, ,15,48,46,14,36,4,5, ,61,174,2,2,18,1,2
"Houston, Dan",PA,15,181,67,76,257,1,3, ,48,40,41,22,32,16,6, ,88,156,5,2,28, ,3
"Zorko, Dayne",BL,15,199,59,55,254,9,14, ,68,33,51,49,44,17,19, ,94,149,1,9,23,2,7
"Lambert, Kane",RI,16,112,51,142,254,7,2, ,53,9,42,29,35,9,12, ,97,161, ,5,21, ,10
"Goldstein, Todd",NM,17,105,33,149,254,6,6,472,35,17,28,88,41,38,17, ,164,99,11,4,49, ,6
"Johannisen, Jason",WB,16,157,61,97,254,5,5, ,28,37,33,6,25,6,3, ,57,190,1,4,30,5,9
"Hartlett, Hamish",PA,17,159,62,95,254,2,1, ,44,42,32,16,29,12,8, ,74,168, , ,29, ,3
"Hurn, Shannon",WC,16,194,81,60,254, , , ,25,71,13,2,20,7,6, ,59,127,6, ,41,5,1
"Cunningham, Harry",SY,17,157,59,96,253, ,1, ,38,56,28,9,27,10,5, ,70,166,2, ,20,1,2
"Wingard, Chad",HW,17,145,49,106,251,18,11, ,61,5,54,16,33,14,8, ,93,148,5,15,24,7,8
"Powell-Pepper, Sam",PA,17,114,35,137,251,7,12, ,69,5,53,44,50,6,21, ,112,146,3,7,18,6,6
"Grundy, Brodie",CW,17,96,53,155,251,2,3,555,63,14,36,57,44,40,25, ,152,104,18,4,37,2,5
"OMeara, Jaeger",HW,12,140,35,110,250,4,4, ,50,12,44,56,52,6,23, ,108,149,1,4,14,1,4
"Polec, Jared",NM,13,162,42,88,250,3,3, ,34,26,38,33,38,12,8, ,92,160,2,3,7,4,6
"Tarrant, Robbie",NM,16,178,68,72,250, , , ,21,91,15,2,33,14,15, ,61,137,7, ,81, , 
"Kennedy, Josh",SY,12,129,34,119,248,3,3, ,62,15,31,56,38,12,8, ,108,127,2,3,7,1,2
"Walters, Michael",FR,14,145,44,102,247,15,7, ,40,17,36,43,44,26,10, ,115,133,6,9,20,3,7
"Berry, Jarrod",BL,15,141,62,106,247,7,8, ,60,14,41,38,32,19,20, ,113,139,1,6,32,1,9
"Ross, Sebastian",SK,14,131,26,115,246,1,1, ,38,19,34,43,35,5,12, ,92,150, , ,12,3,4
"Phillips, Tom",CW,15,141,46,104,245,5,7, ,35,20,36,11,30,16,4, ,84,157,1,5,4, ,2
"Baker, Liam",RI,16,132,62,112,244, , , ,32,42,19,7,28,14,9, ,89,157,1, ,33,3,1
"Setterfield, Will",CA,16,146,29,97,243,4,1, ,83,18,45,51,28,18,8, ,115,126,1,1,13, ,7
"Coffield, Nick",SK,16,159,100,84,243, , , ,16,47,15,8,23,5,7, ,65,179,5, ,34,1, 
"Bolton, Shai",RI,15,145,48,97,242,12,7, ,44,13,67,52,49,9,18, ,102,146, ,6,13,14,9
"Miers, Gryan",GE,17,154,80,85,239,16,3, ,27,10,38,13,33,10,8, ,63,179,1,8,11,1,6
"Marshall, Rowan",SK,17,172,72,67,239,13,10,247,38,8,50,45,49,27,22, ,143,95,27,16,30, ,4
"Robinson, Mitch",BL,17,165,60,73,238,5,3, ,40,34,47,29,41,15,16, ,88,151,4,6,23,1,9
"Cotchin, Trent",RI,13,131,31,107,238, ,3, ,46,22,52,53,56,11,11, ,129,110,1,1,14,1,4
"Bailey, Zac",BL,17,153,73,84,237,12,8, ,43,21,50,11,38,9,19, ,84,157,2,6,15, ,5
"Rowbottom, James",SY,16,132,22,105,237,4,4, ,58,25,39,51,44,17,17, ,128,117,2,1,15, ,5
"Serong, Caleb",FR,14,127,32,109,236,2,1, ,58,12,46,48,37,11,6, ,106,138,2,3,12,1,4
"Brayshaw, Angus",ME,14,116,40,117,233,5,6, ,41,15,37,30,28,4,7, ,91,149,1,5,19, ,2
"Hunter, Lachie",WB,9,126,49,107,233,3,7, ,24,15,30,20,22,10,4, ,53,169,1,7,11,7,4
"Shuey, Luke",WC,12,134,29,98,232,1,1, ,38,25,45,57,32,11,10, ,106,128, , ,26,10,6
"OBrien, Reilly",AD,17,107,64,125,232, ,3,463,68,18,28,28,47,19,16, ,127,102,33,1,39, ,3
"Vlastuin, Nick",RI,16,153,91,78,231,1, , ,32,62,16, ,35,13,17, ,77,139,14, ,45,8,2
"English, Tim",WB,17,122,72,108,230,8,10,279,36,14,27,38,37,18,18, ,118,121,23,12,49,1,2
"Ainsworth, Ben",GC,16,147,70,80,227,12,13, ,27,11,59,10,34,15,9, ,80,152,5,13,10,4,6
"Treloar, Adam",CW,8,104,16,122,226,1,3, ,25,14,34,43,31,7,6, ,109,115, ,1,7, ,2
"Butters, Zak",PA,15,118,52,107,225,11,5, ,39,4,33,21,30,11,9, ,100,126,4,10,11,6,13
"Parfitt, Brandan",GE,14,115,22,110,225,7,3, ,81,12,37,43,44,10,17, ,107,124,2,2,12, ,4
"Newnes, Jack",CA,17,139,53,83,222,13,4, ,44,22,39,7,34,7,11, ,69,144, ,6,8, ,6
"Lynch, Tom",AD,13,144,53,78,222,6,5, ,13,17,29,13,31,7,6, ,65,150,2,5,9,1,5
"Snelling, Will",ES,17,71,29,151,222,5,2, ,79,12,24,29,41,14,12, ,104,118,1,3,12, ,6
"Gawn, Max",ME,14,142,63,80,222,1,1,458,35,25,32,48,35,32,9, ,127,90,26,3,60, ,3
"Paton, Ben",SK,17,136,78,85,221, , , ,19,44,17,3,26,14,7, ,67,151,5, ,23,6, 
"Hurley, Michael",ES,14,154,86,66,220, , , ,5,64,7,4,33,9,12, ,47,147,8, ,61, ,1
"Hall, Aaron",NM,15,134,47,85,219,10,14, ,37,9,49,21,32,6,8, ,77,145,5,10,5,4,8
"Rich, Daniel",BL,13,185,61,33,218,3,1, ,15,57,34,5,21,9,5, ,48,134,4, ,24, ,1
"Blicavs, Mark",GE,17,110,59,107,217,3, ,138,44,27,18,37,30,21,17, ,125,100,15,1,76, ,3
"Hughes, Ethan",FR,17,140,79,77,217, , , ,20,34,15,4,26,11,9, ,71,142,8,1,49,2, 
"Petrevski-Seton, Sam",CA,16,155,49,62,217, , , ,36,38,14,15,28,10,8, ,94,121,1, ,15, ,2
"Wilkie, Callum",SK,17,159,53,57,216, , , ,21,64,8,4,23,11,9, ,69,105,11, ,60, , 
"Moore, Darcy",CW,16,130,79,85,215, , , ,13,57,19,3,36,12,11, ,73,122,12,1,112,6,1
"Hibberd, Michael",ME,14,135,62,79,214,1, , ,14,41,22,4,29,13,6, ,56,145,6,1,30, ,1
"Sidebottom, Steele",CW,9,112,33,101,213,5,3, ,38,13,27,24,23,8,4, ,71,135,1,1,22, ,6
"Taranto, Tim",GW,11,132,30,80,212,4,3, ,45,14,35,42,38,11,12, ,93,111,2,3,7, ,3
"Shaw, Heath",GW,17,162,78,47,209,3,1,1,38,51,15,6,39,7,16, ,58,142,4,2,57,4, 
"Elliott, Jamie",CW,16,126,45,82,208,8,8, ,51,1,51,32,42,6,10, ,82,123,6,13,20,9,5
"Hawkins, Tom",GE,17,142,90,65,207,42,25,27,27,2,25,16,37,7,14, ,107,101,28,57,19,1,19
"Gibbons, Michael",CA,15,144,51,63,207,11,6, ,42,7,49,23,38,10,14, ,68,142,1,12,16,4,10
"Greene, Toby",GW,13,122,52,84,206,17,11, ,19,6,33,15,36,8,11, ,87,115,12,18,11, ,10
"Dunkley, Josh",WB,11,73,25,133,206,5,4,12,67,8,22,31,23,10,9, ,107,106,3,2,15, ,3
"Hardwick, Blake",HW,16,139,45,67,206,1, , ,21,59,18,6,22,2,7, ,60,120,2,1,47, ,2
"Wilson, Nathan",FR,15,153,50,52,205,1,1, ,14,64,22,6,20,9,3, ,48,135, , ,40,11, 
"Martin, Jack",CA,15,115,64,88,203,12,11, ,48,13,32,21,37,16,16, ,89,120,6,18,19,3,7
"Scrimshaw, Jack",HW,13,121,51,82,203, , , ,23,40,19,5,30,7,7, ,56,130,7, ,28,1,1
"Lipinski, Patrick",WB,12,85,30,116,201,5,4, ,29,13,20,15,24,6,6, ,67,134,1,3,13,1,5
"Papley, Tom",SY,17,148,57,52,200,26,27, ,29,3,47,21,42,19,16, ,93,119,3,22,17,9,9
"Castagna, Jason",RI,17,116,60,83,199,14,11, ,36,8,35,3,31,7,7, ,54,146,2,23,12,1,5
"Conca, Reece",FR,14,140,48,59,199, , , ,38,45,5,8,34,9,13, ,51,144,2,1,29,3,3
"OConnor, Mark",GE,17,138,77,60,198,2, , ,25,33,16,5,21,9,10, ,57,140, ,1,54,3,2
"Powell, Wil",GC,15,102,50,95,197,2, , ,25,41,18,6,30,7,6, ,69,132,5,1,30, ,4
"Brown, Luke",AD,17,141,46,56,197, ,1, ,35,67,15,7,24,13,9, ,61,96,2, ,37,1,2
"Sicily, James",HW,11,146,62,50,196,2,1, ,9,59,20,3,26,12,7, ,62,116,16,2,47,2,1
"Nelson, Jackson",WC,14,144,58,52,196, , , ,29,38,13,9,16,7,6, ,51,126,1,1,25, ,2
"Crozier, Hayden",WB,14,143,55,52,195,1,1, ,35,36,23,6,31,13,11, ,47,152,3,2,49,3,3
"Gresham, Jade",SK,11,111,25,83,194,7,6, ,21,5,36,51,37,10,13, ,101,83,2,5,10,9,5
"Daniels, Brent",GW,16,100,31,94,194,5,8, ,42,3,43,19,29,7,11, ,79,111, ,2,16,9,9
"McIntosh, Kamdyn",RI,14,130,56,62,192,3,3, ,22,20,45,9,33,8,9, ,67,130,4,2,30,6,5
"Harmes, James",ME,13,87,30,105,192,2,2, ,27,13,23,17,37,8,15, ,81,116,1,3,12,1, 
"Yeo, Elliot",WC,10,107,22,85,192, ,1, ,56,4,33,61,48,5,25, ,109,80,3, ,15,1,2
"Scully, Tom",HW,14,104,34,86,190,4,2, ,16,11,34,8,39,4,10, ,55,140,1,5,13, ,11
"Gardiner, Darcy",BL,17,136,69,54,190, , , ,22,35,22,2,39,9,20, ,77,111,11, ,82, ,2
"Sloane, Rory",AD,12,92,15,97,189,5,3, ,49,10,35,42,27,16,11, ,100,85,1,1,24,2,5
"Ah Chee, Callum",BL,16,129,61,60,189,3,4, ,42,25,33,10,43,7,12, ,73,116,6,4,24,2, 
"Weitering, Jacob",CA,17,146,74,42,188, ,1, ,17,63,18,5,36,13,13, ,87,97,15, ,128,1,1
"Selwood, Joel",GE,11,97,24,90,187,2,3, ,42,11,28,42,37,11,17, ,86,103, , ,24, ,2
"Williams, Zac",GW,11,136,38,50,186,2,2, ,25,27,17,13,23,7,7, ,55,122,3,1,16,5,1
"Redden, Jack",WC,12,89,39,97,186,1,1, ,29,14,23,28,25,12,7, ,71,120,1,1,14, ,1
"Butler, Dan",SK,17,143,34,42,185,27,11, ,66,7,48,4,36,13,14, ,63,110,2,14,7,11,9
"Rozee, Connor",PA,14,93,35,91,184,6,9, ,43,3,36,22,32,6,10, ,78,113,1,6,25,1,5
"Pickett, Marlion",RI,15,98,40,86,184,4,4, ,55,13,39,13,39,6,10, ,80,114,4,4,29,6,6
"Walker, Josh",NM,17,107,65,75,182,3,3,2,19,21,11,1,30,11,10, ,82,95,27,8,52,1,2
"Birchall, Grant",BL,14,131,64,51,182, , , ,16,37,25,9,11,6,3, ,34,136,2, ,18,2,1
"Gunston, Jack",HW,16,133,68,48,181,31,21, ,22,9,31,3,25,10,9, ,74,102,12,31,18, ,9
"Mayne, Chris",CW,12,80,43,101,181, ,2, ,32,9,8,11,16,7,6, ,57,117,3,2,26,1,1
"Hoskin-Elliott, Will",CW,16,114,75,66,180,10,7, ,15,3,29,6,21,7,6, ,56,122,8,8,18, ,7
"Corr, Aidan",GW,15,143,59,37,180, ,1, ,22,68,10,2,26,4,6, ,41,89,7, ,74,2, 
"McKenzie, Trent",PA,15,155,67,25,180, ,2, ,16,57,14,2,25,12,8, ,57,96,13, ,54, , 
"Graham, Jack",RI,12,83,26,96,179,2,2, ,51,9,35,22,29,12,17, ,78,106, , ,11,1,6
"Jonas, Tom",PA,17,118,69,61,179, ,1, ,25,43,13,3,33,5,13, ,71,109,9, ,120, , 
"Ryan, Liam",WC,17,133,60,45,178,25,16, ,31,2,36,7,29,12,7, ,82,93,16,29,21,3,8
"Brown, Callum",CW,14,69,24,109,178,6,2, ,29,5,21,8,25,11,7, ,80,105,1,5,8, ,6
"Lever, Jake",ME,17,121,75,57,178, , , ,25,42,12,1,24,11,9, ,79,102,11, ,109, , 
"Cameron, Jeremy",GW,17,121,67,55,176,24,13,2,24,4,37,5,41,15,25, ,85,96,19,21,32,1,9
"Fritsch, Bayley",ME,16,128,81,48,176,22,24, ,17,4,31, ,35,10,10, ,58,120,14,37,18, ,12
"Richards, Ed",WB,16,88,22,88,176,6,6, ,31,9,40,9,30,12,10, ,80,97,1,3,23,16,7
"Bews, Jed",GE,16,117,53,59,176,3,2, ,26,30,19,15,16,11,8, ,63,111,2,2,25, ,3
"Naitanui, Nic",WC,16,98,11,77,175,5,3,471,37,8,56,89,40,19,19, ,150,35,7, ,55, ,6
"Collins, Sam",GC,17,107,74,68,175, , , ,27,45,9,3,19,18,6, ,84,87,18, ,107, ,1
"Bewley, Brett",FR,12,100,40,74,174,5, , ,21,14,25,12,11,6,1, ,53,120, , ,6,3,3
"Barrass, Tom",WC,17,139,91,35,174, , , ,4,46,10,1,18,12,8, ,63,115,20, ,159,1,3
"Grimes, Dylan",RI,16,111,70,63,174, ,1, ,25,22,9,1,27,12,11, ,55,104,11, ,80,4, 
"Lobb, Rory",FR,17,116,63,57,173,10,6,156,24,12,40,15,33,15,6, ,104,81,37,16,35, ,5
"Ebert, Brad",PA,12,108,45,65,173,9,12, ,45,5,38,9,34,15,8, ,74,101,5,9,22,1,7
"Smith, Isaac",HW,10,100,35,73,173,5,2, ,21,19,32,10,30,2,7, ,45,125,1,3,10,2, 
"Long, Ben",SK,14,84,46,89,173, ,1, ,27,22,15,11,35,11,19, ,91,98,8, ,44,6, 
"Day, Will",HW,11,100,48,72,172,1,1, ,15,28,18,5,19,10,3, ,45,115,4,2,26, , 
"Hipwood, Eric",BL,17,134,71,37,171,23,16, ,17, ,39,1,37,13,15, ,74,94,17,28,32,2,7
"Witts, Jarrod",GC,17,98,37,73,171, ,3,477,28,9,32,53,42,18,21, ,103,70,9,4,53, ,3
"Duman, Taylin",FR,15,113,46,58,171, , , ,29,37,16,8,27,10,8, ,70,100,2, ,56,2,1
"Duursma, Xavier",PA,13,96,44,74,170,6,3, ,33,14,25,15,23,13,6, ,71,102,3,5,10,1,3
"Keath, Alex",WB,17,107,65,63,170,1,1, ,15,35,8,3,21,11,7, ,64,112,11,1,80,2, 
"Schultz, Lachie",FR,17,109,61,60,169,12,7, ,43,5,28,5,44,15,13, ,64,108,4,17,8, ,5
"Houli, Bachar",RI,9,91,40,76,167, ,1, ,20,31,19,4,15,3,4, ,32,124,2,1,14,6,1
"Taberner, Matthew",FR,16,129,92,37,166,29,13,8,8,4,29,3,37,10,12, ,83,89,38,36,22, ,5
"McLean, Toby",WB,12,57,16,108,165,6,4, ,45,4,26,18,19,13,10, ,63,101,2,4,5, ,5
"Clarke, Ryan",SY,10,86,25,79,165,2,1, ,25,15,29,18,22,10,5, ,65,99, ,1,10,1, 
"Howard, Dougal",SK,17,133,68,32,165,1,1,1,22,47,10,1,32,9,11, ,46,101,5, ,120, ,1
"Frost, Sam",HW,16,96,55,68,164, ,2, ,20,45,11, ,35,9,16, ,69,94,13, ,60,3, 
"Plowman, Lachie",CA,16,116,54,47,163, ,2, ,30,37,13,4,25,11,9, ,56,102,7, ,60, , 
"Blakey, Nick",SY,16,126,36,36,162,8,13, ,36,9,42,24,29,15,8, ,70,90,5,9,14,7,5
"Tomlinson, Adam",ME,13,106,56,56,162, ,1,1,22,25,22,6,20,2,6, ,40,126,3,1,26, ,1
"Cameron, Charlie",BL,17,126,60,35,161,26,22, ,37,2,35,3,32,17,17, ,63,98,10,27,13,9,5
"Hayward, Will",SY,16,87,54,74,161,10,3, ,37,4,17,7,29,11,12, ,73,85,15,10,24, ,3
"Harbrow, Jarrod",GC,13,118,40,43,161, , , ,13,28,14,3,31,6,12, ,37,118,2, ,22,2,1
"Rampe, Dane",SY,11,105,42,56,161, , , ,15,60,5,3,26,9,15, ,51,99,5, ,65,3, 
"Wallis, Mitch",WB,17,79,41,81,160,24,12, ,32,1,21,3,17,16,7, ,84,79,12,24,10, ,10
"Melksham, Jake",ME,17,110,49,50,160,15,8, ,23,3,37,11,42,11,13, ,65,103,3,14,22, ,10
"Dahlhaus, Luke",GE,12,63,34,97,160,6, , ,31,4,19,6,17,3,4, ,54,109,3,5,7, ,3
"Redman, Mason",ES,13,94,41,65,159,1,1, ,22,31,10,2,27,6,11, ,47,104,7,1,19,5, 
"Henry, Jack",GE,17,122,63,37,159, , , ,29,40,16,3,34,5,16, ,57,106,4,1,74,2,2
"Clurey, Tom",PA,16,124,74,35,159, , , ,15,33,16,1,26,13,12, ,53,103,11, ,85,2, 
"Williamson, Tom",CA,15,103,48,55,158,1,1, ,28,28,15,10,32,11,9, ,56,103,2, ,22,3,4
"Taylor, Harry",GE,15,98,53,60,158,1, ,1,23,16,11,2,21,9,7, ,64,101,7,1,77, ,2
"Ballard, Charlie",GC,16,114,68,44,158, , , ,13,42,8,5,35,7,9, ,58,94,20, ,78, , 
"Hill, Stephen",FR,12,96,40,61,157, , , ,21,30,17,4,23,7,6, ,49,111,4,1,22,1, 
"Darling, Jack",WC,17,101,58,55,156,27,10,8,33,1,30,3,31,19,8, ,104,59,32,22,38, ,14
"Zurhaar, Cameron",NM,16,102,46,54,156,18,11,1,38, ,34,9,39,18,17, ,82,81,15,14,11,7,4
"Membrey, Tim",SK,16,109,66,47,156,18,8,3,26, ,35, ,29,11,9, ,67,85,17,20,23,1,4
"Rayner, Cam",BL,15,81,49,75,156,15,7, ,50,4,34,21,23,11,11, ,63,95,6,14,18,2,7
"Davies-Uniacke, Luke",NM,9,73,19,83,156,2, , ,21,16,29,22,30,6,12, ,73,87, , ,7,7,3
"Morrison, Harry",HW,11,92,38,64,156, ,1, ,19,20,21,13,21,5,8, ,50,109, ,1,16, ,2
"Dixon, Charlie",PA,16,100,65,55,155,32,21,45,24,2,18,11,34,15,11, ,114,50,43,33,34, ,6
"Pittard, Jasper",NM,11,105,33,50,155,4, , ,17,35,20, ,29,13,4, ,40,97, ,1,36,3,3
"Mackay, David",AD,10,73,25,82,155,2,2, ,16,22,20,5,19,3,7, ,45,101,2,3,18,4, 
"Himmelberg, Harry",GW,16,96,43,57,153,15,4,14,27,9,30,8,33,14,15, ,79,75,11,12,37,1,8
"de Boer, Matt",GW,13,58,20,95,153,2, , ,46,9,15,23,32,21,20, ,80,81, , ,9, ,2
"Casboult, Levi",CA,17,112,80,40,152,16,8,86,31,6,22,13,47,9,22, ,81,72,30,25,19, ,2
"Rioli, Daniel",RI,14,81,38,71,152,9,3, ,41,4,29,8,26,10,5, ,56,100, ,5,9,4,3
"Lester, Ryan",BL,13,90,50,62,152, , , ,32,23,6,4,22,7,10, ,56,89,9, ,44, , 
"Cripps, Jamie",WC,13,82,34,68,150,8,5, ,40,2,31,11,30,7,8, ,67,92,2,7,11,2,9
"Cole, Tom",WC,14,88,46,62,150,3, , ,30,23,12,6,15,13,7, ,58,100,5,2,24,3, 
"McInerney, Oscar",BL,17,80,27,69,149,5,4,320,46,15,28,48,29,15,11, ,106,48,16,10,45, ,3
"Starcevich, Brandon",BL,16,113,51,36,149,1,2, ,24,31,22,5,25,10,8, ,58,93,6,1,24, ,3
"Andrews, Harris",BL,14,97,60,52,149, , , ,16,34,8,2,14,14,8, ,70,81,15, ,133, ,1
"Riewoldt, Jack",RI,17,115,68,33,148,28,15,2,16,2,33,5,38,10,13, ,66,77,24,40,22, ,8
"Steven, Jack",GE,9,84,33,64,148,1,2, ,35,7,21,24,16,12,6, ,41,103, ,1,5,2,1
"Cox, Brennan",FR,13,83,51,65,148, , , ,11,27,10, ,19,10,7, ,62,94,14, ,89,1, 
"McDonald-Tipungwuti, Anthony",ES,17,86,35,61,147,19,7, ,57,2,28,12,27,8,16, ,79,72,5,13,21,12,5
"Day, Sam",GC,17,68,47,79,147,12,7,54,21, ,26,4,36,9,16, ,68,76,14,15,35, ,10
"Ah Chee, Brendon",WC,15,73,35,74,147,6,5, ,22,8,18,9,28,8,6, ,79,81,9,6,19,1,7
"Lycett, Scott",PA,13,67,17,80,147,1,3,302,35,11,24,46,27,24,10, ,91,58,2,2,49,3,2
"Broad, Nathan",RI,13,107,55,40,147, , ,1,20,37,15,1,12,6,5, ,37,109,4, ,37,7, 
"Sinclair, Jack",SK,10,83,26,63,146, , , ,29,11,33,23,14,6,2, ,60,84,1,2,10,4,9
"Higgins, Jack",RI,10,89,36,56,145,5,7, ,17,6,28,11,22,16,6, ,60,90,1,10,7, ,4
"Roughead, Jordan",CW,15,84,61,61,145, , , ,17,24,5,1,19,8,4, ,44,108,7, ,72,1,1
"McCarthy, Lincoln",BL,15,78,37,66,144,15,13, ,42,5,24,16,28,11,11, ,77,69,9,16,9, ,6
"Seedsman, Paul",AD,9,79,24,65,144,4,5, ,28,17,22,12,20,7,5, ,39,103,2,1,7,10, 
"Fox, Robbie",SY,14,86,30,58,144, , , ,37,42,11,5,16,10,9, ,46,102,1, ,73,1,1
"Balta, Noah",RI,13,97,55,46,143,1, , ,12,43,7, ,28,9,11, ,53,87,13, ,61,1, 
"Mihocek, Brody",CW,16,97,62,45,142,20,9, ,30, ,34,2,34,9,15, ,77,69,16,22,20, ,3
"Zaharakis, David",ES,10,63,24,79,142,9,4, ,20,3,17,6,17,1,3, ,40,100, ,3,5,3,2
"Vandenberg, Aaron",ME,12,73,34,69,142,1,1, ,31,16,25,25,33,8,14, ,57,93,2,3,17, ,4
"McGovern, Jeremy",WC,11,104,66,38,142, , , ,13,28,7,1,16,7,7, ,58,88,18, ,56, , 
"Breust, Luke",HW,13,77,24,64,141,16,6, ,51,4,28,23,27,14,13, ,79,73,5,11,17,4,11
"McEvoy, Ben",HW,16,69,51,72,141,4,1,161,31,7,9,13,19,10,8, ,81,69,20,3,81, ,3
"Geary, Jarryn",SK,14,73,38,67,140,3, , ,24,16,11,12,19,6,9, ,52,90,3,3,31,1,3
"Gleeson, Martin",ES,13,75,40,65,140, , , ,17,30,10,2,22,2,8, ,42,94,3, ,36,6,1
"Burgoyne, Shaun",HW,13,77,26,62,139,11,2, ,32,13,31,8,27,3,13, ,63,72,2,7,27,1,9
"Guelfi, Matt",ES,11,72,37,67,139, , , ,18,20,12,7,22,5,8, ,50,86,7,1,27, ,2
"Lynch, Tom",RI,16,96,54,42,138,28,20,1,16, ,20,4,35,11,20, ,72,69,26,34,18, ,6
"Rankine, Izak",GC,12,90,26,48,138,12,17, ,21,2,33,12,32,12,15, ,74,63,4,8,11,5,6
"Scott, Bailey",NM,13,81,39,57,138,8,1, ,29,9,17,15,26,6,9, ,62,80,4,8,3,6,3
"Cuningham, David",CA,12,72,32,66,138,6,6, ,33,3,31,9,23,5,6, ,56,80,4,4,6,11,4
"Macpherson, Darcy",GC,12,80,26,58,138,4, , ,33,2,28,11,23,11,8, ,54,85, ,1,8, ,3
"Budarick, Connor",GC,15,92,35,46,138,1, , ,25,30,14,3,30,9,9, ,48,93,2, ,23, ,1
"Ceglar, Jonathon",HW,13,55,29,82,137,1, ,274,32,14,12,39,33,14,19, ,84,56,14,3,24, ,3
"Ash, Lachie",GW,12,79,31,57,136,1, , ,22,16,17,7,21,5,5, ,53,92,1, ,22,4,1
"Aliir, Aliir",SY,14,78,45,57,135,3,1,66,22,24,15,19,30,4,14, ,59,76,7,3,41,7, 
"Jones, Liam",CA,17,111,72,24,135, ,2, ,24,28,17, ,28,9,15, ,67,65,22,2,169, , 
"Kolodjashnij, Jake",GE,13,100,64,35,135, ,2, ,22,16,15,1,19,2,10, ,30,105,5, ,56, ,1
"Carlisle, Jake",SK,12,100,67,35,135, , ,9,17,29,5,1,13,8,4, ,42,89,9, ,51, ,1
"Madgen, Jack",CW,11,72,39,63,135, , , ,19,22,7,4,9,9,1, ,44,91,1, ,37,3, 
"Darcy, Sean",FR,15,42,25,92,134,5,6,330,26,3,12,30,44,7,29, ,92,51,12,4,41, ,4
"Acres, Blake",FR,7,75,40,59,134, , , ,19,13,18,12,22,3,7, ,34,99, ,1,4,1,1
"Betts, Eddie",CA,15,89,24,44,133,13,13, ,41,1,32,7,33,8,8, ,69,59,3,9,7, ,12
"Battle, Josh",SK,13,100,47,33,133,11,8,6,25,18,19,6,22,10,8, ,52,80,7,11,17,2,3
"Ablett, Gary",GE,8,74,17,59,133,7,5, ,18,6,33,11,27,4,9, ,62,72, ,4,4, ,9
"Sexton, Alex",GC,14,103,44,28,131,19,12, ,22,2,27,4,19,7,8, ,48,83,2,14,13,1,7
"Rohan, Gary",GE,15,96,45,34,130,19,15, ,28,1,31,1,27,12,8, ,77,61,11,17,24,4,9
"Bruce, Josh",WB,16,53,46,77,130,13,8,19,24,2,14,8,28,10,13, ,68,63,17,20,26, ,2
"Doedee, Tom",AD,9,75,47,54,129, , , ,15,31,5,3,17,6,3, ,44,74,11,1,32,2, 
"Motlop, Steven",PA,12,69,31,59,128,10,2, ,17,7,23,6,27,2,10, ,52,78,2,7,8, ,8
"Quaynor, Isaac",CW,9,65,30,63,128, , , ,19,22,16,2,6,5,1, ,39,86,2,1,18, ,1
"Aarts, Jake",RI,13,66,27,61,127,14,5, ,30,3,22,6,32,8,18, ,54,79,1,10,9,3,4
"Kent, Dean",SK,13,85,44,41,126,9,5, ,27,4,35,4,27,7,5, ,49,79,3,8,10,3,6
"McInerney, Justin",SY,9,60,26,65,125,5, , ,13,6,19,5,22,8,8, ,47,82,3,2,14, ,4
"Thomas, Josh",CW,12,59,26,66,125,4,4, ,26, ,12,9,23,3,9, ,59,72, ,5,8,1,4
"Macmillan, Jamie",NM,10,67,27,58,125,1, , ,23,28,10,7,16,15,6, ,42,81,2,1,27,4, 
"Kelly, Jake",AD,15,86,44,39,125, , , ,38,29,10,1,26,10,11, ,47,73,7, ,55, , 
"Wills, Rupert",CW,8,43,10,82,125, , , ,38,6,11,21,22,8,9, ,53,74, , ,9, ,2
"Henderson, Lachie",GE,10,93,61,31,124,1, , ,12,25,10,3,18,2,8, ,30,87,6,1,37, , 
"Talia, Daniel",AD,14,83,47,41,124, , , ,15,35,10,4,17,10,9, ,51,69,7, ,83, , 
"Finlayson, Jeremy",GW,15,102,38,21,123,19,10,44,35,10,24,17,25,10,10, ,45,72,9,16,20,1,4
"Lloyd, Daniel",GW,12,74,38,49,123,7, , ,28,5,15,10,26,4,9, ,48,78,2,6,12, ,4
"Rivers, Trent",ME,9,75,28,48,123,2,2, ,13,21,11,5,18,11,4, ,43,73,5, ,11,1,1
"McAdam, Shane",AD,13,79,47,43,122,12,12, ,38,4,22,1,20,11,9, ,60,62,14,16,9,1,4
"Westhoff, Justin",PA,12,77,45,45,122,10,7,42,26,3,15,9,25,8,8, ,52,75,11,12,46, ,3
"Jones, Chayce",AD,15,64,22,58,122,6,1, ,28,10,20,18,38,14,15, ,68,64,2,3,10, ,2
"Frawley, James",HW,14,77,41,45,122, , , ,10,26,6, ,22,6,14, ,45,77,2, ,75, ,1
"Bonner, Riley",PA,9,97,33,25,122, , , ,7,25,13,6,25,1,8, ,27,90,2, ,20, , 
"King, Ben",GC,17,88,48,33,121,25,20, ,7,1,15,1,25,12,10, ,67,53,15,30,23,2,1
"Holman, Nick",GC,12,48,27,73,121,2, , ,41,7,17,10,19,6,11, ,58,65, ,3,13, ,3
"Stratton, Ben",HW,14,66,41,55,121,1, , ,17,16,6, ,34,7,13, ,42,80,7,1,48, , 
"Stephenson, Jaidyn",CW,12,75,39,44,119,13,9, ,24,5,19, ,18,4,9, ,36,90,2,18,9,2,6
"McStay, Daniel",BL,15,75,50,44,119,10,5,6,25,3,23,3,22,9,8, ,65,57,21,11,24, ,5
"McCartin, Tom",SY,14,70,51,49,119,9,2,3,12,11,16,2,25,9,13, ,64,53,24,9,33, ,3
"Sinclair, Callum",SY,13,64,32,55,119,3,3,293,33,15,16,30,38,15,24, ,69,50,8,4,29, ,1
"King, Max",SK,16,71,47,47,118,20,16,14,20,1,15,1,20,9,9, ,79,45,25,26,21, ,3
"Allen, Oscar",WC,14,78,41,40,118,16,8,64,40,7,15,13,13,18,5, ,67,59,15,11,36, ,4
"Vandermeer, Laitham",WB,12,72,31,45,117,9,9, ,26,4,32,6,24,7,11, ,29,94,3,14,7, ,2
"Stengle, Tyson",AD,12,66,20,51,117,8,9, ,25,2,20,9,23,6,11, ,53,64,1,6,11, ,9
"Cousins, James",HW,6,60,20,57,117,1,3, ,16,7,29,21,14,5,7, ,38,81,1, ,9,5,2
"OBrien, Tim",HW,16,82,47,34,116,12,3,34,28,4,28,6,20,13,12, ,57,62,14,8,32, ,5
"Keeffe, Lachlan",GW,13,66,47,50,116, , , ,11,18,10, ,20,4,6, ,45,74,10, ,114,1,1
"Cordy, Zaine",WB,13,84,37,31,115, , ,5,19,29,10,2,15,8,5, ,37,78,2,1,67,1,1
"Wood, Easton",WB,12,74,47,41,115, , , ,17,29,7,2,18,6,8, ,45,67,8, ,46,4, 
"Witherden, Alex",BL,6,92,39,23,115, , , ,7,24,13,3,11,6,2, ,25,78, , ,7, , 
"Lonie, Jack",SK,11,82,36,32,114,11,6, ,28,4,18,4,19,9,5, ,40,73,1,10,11,1,3
"Caldwell, Jye",GW,9,56,27,58,114,1,2, ,33,3,20,12,20,4,7, ,52,66,2,4,5, ,2
"McPherson, Andrew",AD,9,56,25,58,114, , , ,15,17,8,2,13,6,2, ,46,69,5, ,16, ,1
"Kennedy, Matthew",CA,7,63,26,50,113,2,1, ,20,10,18,18,19,5,2, ,52,58,5,1,3,1,3
"de Goey, Jordan",CW,8,71,21,41,112,12,11, ,11,3,21,16,16,6,4, ,56,54,4,9,7,2,3
"Ladhams, Peter",PA,8,49,20,63,112,4,1,106,17,6,11,20,26,12,15, ,66,49,9,3,13, ,1
"Tucker, Darcy",FR,8,68,21,44,112,4,2, ,26,9,19,19,22,7,8, ,42,75, ,3,2, ,2
"Murphy, Lachlan",AD,12,57,17,54,111,7,8, ,38,3,20,3,15,14,7, ,49,64,1,5,13, ,7
"Hartigan, Kyle",AD,12,68,37,43,111, , , ,18,34,4,1,19,8,8, ,44,63,5, ,55, , 
"Cutler, Tom",ES,8,66,25,44,110,2,5, ,10,8,14,5,16,5,6, ,35,71, ,3,6,6,3
"Kennedy, Josh",WC,16,87,63,22,109,31,18, ,14, ,13,1,23,11,14, ,49,63,18,40,21, ,1
"Pickett, Kysaiah",ME,14,62,17,47,109,7,13, ,35,1,22,7,33,5,18, ,66,44,1,5,11,3,6
"Pittonet, Marc",CA,13,59,23,50,109, ,3,292,25,5,18,40,26,15,15, ,74,27,14,2,32, , 
"Soldo, Ivan",RI,14,52,23,56,108,2,3,292,38,8,6,28,33,17,21, ,69,36,5,3,41, ,2
"Fisher, Zac",CA,8,57,13,50,107,6,2, ,20, ,24,8,8,3,1, ,46,59, ,1,7,7,3
"Thurlow, Jackson",SY,8,65,27,42,107,3,2, ,17,20,10,7,10,4,2, ,33,74,2,1,22, ,1
"Rotham, Josh",WC,10,90,52,17,107, , , ,13,29,10,1,12,5,4, ,15,92,2, ,45, , 
"Himmelberg, Elliott",AD,11,58,33,48,106,9,10,36,20,4,12,9,12,11,3, ,63,47,17,13,22,1,1
"Brown, Tyler",CW,9,45,14,61,106,2, , ,13,6,11,13,11,1,3, ,43,67,1,1,14, ,3
"Prestia, Dion",RI,5,52,12,54,106,1, , ,21,8,20,17,20,6,6, ,36,72, , ,8, ,2
"Walker, Taylor",AD,14,74,36,31,105,15,9,5,14, ,26,5,22,10,8, ,58,51,13,10,31, ,6
"Atkins, Tom",GE,11,41,11,64,105,4,1, ,36,6,8,15,21,5,5, ,56,56, ,2,9, ,1
"Sholl, Lachlan",AD,8,72,24,33,105,2,1, ,7,15,13,10,11,5,2, ,29,79, ,1,9, ,1
"Henderson, Ricky",HW,7,55,37,50,105, , , ,11,11,11,9,10,3,1, ,26,76, ,1,11,1, 
"Ryder, Paddy",SK,13,71,25,33,104,8,2,273,33,4,22,26,19,16,13, ,64,37,7,6,38, ,3
"Ratugolea, Esava",GE,12,60,32,44,104,5,5,73,30,1,17,13,25,14,8, ,72,36,17,11,18, ,2
"Ward, Callan",GW,7,56,16,48,104,3,1,1,11,10,14,15,7,7,4, ,37,68,1, ,7,1,2
"Jones, Nathan",ME,8,50,23,54,104,1,3, ,13,8,16,3,14,4,1, ,37,67, ,3, ,1,3
"Marshall, Todd",PA,12,79,39,23,102,10,8,3,33,5,26,1,20,10,4, ,48,53,7,14,29, ,6
"Farrell, Kane",PA,11,56,21,46,102,6,9, ,30,5,20,5,11,2,2, ,33,66,3,3,14,5,1
"Hannebery, Dan",SK,6,49,15,53,102,1,2, ,12,6,17,15,15,2,4, ,33,68, ,1,2, ,1
"McKay, Ben",NM,11,43,36,59,102, , ,2,18,11,7,1,15,7,6, ,35,64,5, ,74, , 
"Weideman, Sam",ME,13,59,41,41,100,19,8, ,6, ,17, ,16,7,8, ,47,52,17,25,18, ,5
"Edwards, Shane",RI,6,44,7,56,100,3, , ,18,3,18,29,13,4,4, ,51,53,1, ,10,3,5
"Stephens, Dylan",SY,8,68,27,32,100,2,3, ,26,7,13,4,22,6,6, ,37,72, ,3,10,3,1
"Caddy, Josh",RI,8,56,32,44,100,2,2,1,14,7,21,7,13, ,5, ,29,67,6,5,2, ,3
"Ham, Brayden",ES,10,67,28,32,99,1,1, ,13,9,33,3,10,1,2, ,24,74,1,2,4,2,2
"Hind, Nick",SK,10,56,17,42,98,6,5, ,28,5,20,11,15,6,11, ,50,49,1,4,16,8,4
"Williams, Marley",NM,8,69,22,29,98, ,1, ,13,25,10,3,15,4,6, ,35,63,3, ,13, ,1
"McKay, Harry",CA,13,76,57,21,97,21,15, ,20,1,15, ,35,14,17, ,55,44,22,32,17,2,1
"Varcoe, Travis",CW,9,54,21,42,96,1,2, ,15,12,14,3,14, ,2, ,20,76,1, ,12, ,3
"Answerth, Noah",BL,9,71,25,24,95, , , ,17,19,8,3,17,3,3, ,38,57,2, ,19, ,1
"Schoenberg, Harry",AD,8,40,11,54,94,3, , ,15,4,15,13,13,3,4, ,47,52, ,1,4, ,1
"Hanley, Pearce",GC,8,67,30,26,93, ,1, ,12,18,16,4,21,4,8, ,30,62,3,1,6,5,1
"Ross, Jack",RI,7,48,14,45,93, , , ,20,6,15,11,14,5,2, ,36,62, , ,9, ,4
"Waterman, Jake",WC,9,67,41,25,92,9,2, ,8,6,10,2,12,6,2, ,27,61,5,6,3, ,3
"Taylor, Curtis",NM,9,51,32,41,92,5,2, ,14,3,15,5,13,7,4, ,41,54,7,7,4, ,3
"Stack, Sydney",RI,9,30,15,62,92,2,2, ,26,4,11,6,28,5,15, ,42,59, ,4,7, ,1
"Green, Tom",GW,6,31,15,60,91,1,3, ,14,4,5,18,16,2,3, ,53,39,1,2,2, ,2
"Hooker, Cale",ES,8,43,37,46,89,3,3, ,6,16, , ,14,4,5, ,37,44,5,4,39,1, 
"Melican, Lewis",SY,9,52,21,37,89, , , ,14,24,3,3,17,6,6, ,37,47,8, ,48, , 
"Brander, Jarrod",WC,8,67,36,22,89, ,1, ,12,13,16,3,15,3,2, ,23,68,5,2,12, ,3
"McGovern, Mitch",CA,12,70,39,18,88,9,2,3,22,3,24,1,24,9,7, ,39,56,7,10,16, ,8
"Lockhart, Jay",ME,10,55,28,33,88, ,2, ,19,18,6,1,12,2,5, ,36,52,2, ,22, , 
"Stanley, Rhys",GE,7,40,18,47,87,7,2,137,9,5,15,24,15,7,10, ,50,35,6,6,23, ,2
"Rowell, Matt",GC,5,38,4,49,87,6, , ,26,11,11,20,17,8,6, ,52,37, , ,3,1,1
"Heeney, Isaac",SY,6,53,29,33,86,7,7, ,15,4,13,5,11,6,1, ,48,38,7,7,5, ,2
"Ellis-Yolmen, Cam",BL,8,48,16,38,86,3,2, ,19,10,13,22,11,5,5, ,47,37,1,3,7, , 
"Jetta, Lewis",WC,6,62,22,24,86,1,2, ,16,19,10,5,14,1,4, ,17,58, , ,5,3, 
"Howe, Jeremy",CW,4,66,26,20,86, , , ,8,25,4,2,13,3,3, ,25,52,6, ,18,1,1
"Crowden, Mitch",FR,10,50,15,34,84,6,1, ,47,2,17,6,20,4,10, ,37,51,1,3,9, ,4
"Reid, Sam",SY,10,43,38,41,84,5,6,26,15, ,13,2,13,3,2, ,45,41,14,13,12, ,5
"Mahony, Jack",NM,10,28,12,56,84,3,2, ,26,2,7,1,9,9,5, ,44,45,1,4,4, ,2
"Davis, Phil",GW,10,42,37,42,84, , , ,12,13,3, ,15,9,6, ,31,54,7,2,51, ,1
"Burton, Ryan",PA,6,60,23,24,84, ,1, ,5,15,7,4,13, ,2, ,22,55,2, ,11,2,1
"Dale, Bailey",WB,9,48,20,35,83,7,3, ,13,2,15,4,17,6,5, ,34,48,5,8,11,1,5
"Simpson, Sam",GE,6,44,17,39,83,3,2, ,19,4,3,7,13,5,6, ,36,42, ,3,3,1,1
"Hewett, George",SY,6,29,11,54,83,1, , ,19,7,11,17,6,2,3, ,50,34,3,1,4, ,2
"Mayes, Sam",PA,6,50,20,32,82,1,2, ,17,13,15,4,9,5,3, ,22,54,2, ,10, ,1
"Zerk-Thatcher, Brandon",ES,10,46,30,36,82, ,2, ,8,11,1, ,10,5,5, ,25,55,2,1,37,1, 
"Hately, Jackson",GW,6,47,28,35,82, , , ,14,9,11,2,12,2,2, ,18,64,1, ,4, ,2
"Clarke, Dylan",ES,8,31,17,50,81,4, , ,19,6,8,8,9,7,5, ,40,46,1,2,11, , 
"Fogarty, Lachie",GE,6,52,17,29,81,1,1, ,19,2,16,9,10,10,3, ,32,51, ,1,1, ,4
"Frederick, Michael",FR,10,41,18,39,80,4,6, ,8, ,14,2,19,4,5, ,24,52,1,4,5, , 
"Colyer, Travis",FR,9,54,16,26,80,3,2, ,9,3,15,5,13, ,3, ,33,48, ,5,4,3,5
"Mumford, Shane",GW,10,14,11,66,80,1, ,206,35,4,10,32,36,14,28, ,59,26,3,2,42, ,1
"McKenna, Conor",ES,6,55,18,25,80,1, , ,10,10,17,3,23,2,2, ,18,55, ,1,12,11,4
"Naughton, Aaron",WB,11,44,38,35,79,14,6, ,9,1,7, ,12,4,6, ,48,34,16,17,13, ,5
"Hayden, Kyron",NM,8,38,22,41,79, , , ,12,11,6,5,17,3,7, ,34,51,1, ,8,1, 
"Francis, Aaron",ES,8,44,27,35,79, , , ,14,18,6,1,17,5,4, ,24,52,2, ,43,2, 
"Taylor, Lewis",SY,9,51,22,27,78,6,5, ,20,5,18,4,12,4,1, ,27,53, ,4,3,1, 
"Lloyd, Sam",WB,9,47,26,30,77,7,5, ,20,2,16,5,12,8,4, ,28,51,3,7,3, ,3
"McDonald, Tom",ME,9,50,29,27,77,7,1,16,15,2,8,1,13,8,6, ,31,48,6,7,19, ,2
"Eggmolesse-Smith, Derek",RI,6,53,15,24,77, , , ,13,15,9, ,17,3,8, ,17,53,1, ,4,1, 
"ORiordan, Colin",SY,8,39,20,37,76, , , ,13,9,3,3,12,3,5, ,26,49, , ,25, , 
"Stewart, James",ES,10,50,33,25,75,11,4,10,10,6,10,3,14,6,8, ,34,41,13,14,11, ,2
"Townsend, Jacob",ES,12,53,22,22,75,9,5, ,32,2,12,1,28,12,18, ,43,30,11,13,13, ,3
"Hanrahan, Oliver",HW,7,44,10,31,75,3,4, ,7,4,12,3,21,5,4, ,29,46, ,3,5,2,3
"Nankervis, Toby",RI,7,34,15,41,75,3,1,116,25,4,9,13,21,8,8, ,46,23,6,1,18, , 
"Gray, Sam",SY,7,38,15,37,75,1,2, ,15,4,7,4,10,4,1, ,30,45,1,2,4, , 
"Blakely, Connor",FR,5,26,12,49,75, , , ,12,5,5,11,14,5,3, ,35,42,2,1,6, , 
"Fogarty, Darcy",AD,10,41,19,33,74,8,1,2,22,2,13,3,21,11,10, ,49,23,7,5,13,1,3
"McHenry, Ned",AD,8,31,17,43,74, ,4, ,23,3,9,6,24,10,12, ,33,46, ,2,2, , 
"Stringer, Jake",ES,10,57,18,16,73,15,7, ,19,1,17,6,20,7,8, ,37,37,2,12,9, ,1
"Astbury, David",RI,5,49,26,24,73, , , ,8,9,5, ,14,3,4, ,29,41,7, ,21, ,1
"Hannan, Mitch",ME,9,41,21,31,72,7,3, ,15, ,23,2,14,8,6, ,40,34,6,2,9, ,4
"McKernan, Shaun",ES,9,48,31,24,72,5,6,41,11,4,11,8,34,4,18, ,42,34,8,12,13,2,6
"Vickers-Willis, Ed",NM,6,40,18,32,72, , , ,12,11,6,2,12,4,4, ,25,47,3, ,21, , 
"Hogan, Jesse",FR,7,41,37,30,71,5,4, ,4, ,11, ,13,3,2, ,30,45,7,8,6, ,2
"Ainsworth, Brayden",WC,8,40,25,31,71,2,1, ,12,4,4,3,13,2,7, ,28,48,1,3,12, , 
"Wood, Mason",NM,8,38,22,32,70,3,2, ,10, ,17,2,15,4,4, ,27,45,2,6,5, ,1
"Close, Brad",GE,8,29,13,41,70,2,2, ,24,1,6, ,6,8,1, ,28,41, ,3,4, ,6
"Bell, James",SY,8,37,13,32,69,3,2, ,28,1,9,7,16,7,8, ,38,31,1,2,5, , 
"Suckling, Matt",WB,7,47,26,22,69,3, , ,2,1,17, ,13,7,6, ,19,52,1,4,3, ,3
"McDonald, Oscar",ME,7,42,17,27,69, , ,1,8,11,7, ,15,1,5, ,24,44,2, ,37, , 
"Hibberd, Mitchell",ES,5,31,7,38,69, ,2, ,23,4,5,10,14,3,6, ,33,36, ,1,3, , 
"Hamill, Will",AD,8,33,15,35,68, , , ,14,13,3,1,17,8,7, ,23,49, , ,8, ,2
"Markov, Oleg",RI,6,47,16,21,68, ,1, ,6,10,10, ,8,6,2, ,27,42, , ,13,6,1
"Kennedy, Adam",GW,6,36,11,32,68, , , ,12,8,7,7,10,4,3, ,28,45, , ,7,2,3
"Draper, Sam",ES,8,46,15,20,66,1,3,148,15,8,16,15,21,10,15, ,37,28,5,2,18, ,1
"Spargo, Charlie",ME,8,38,19,27,65,8,1, ,12,1,11, ,15,3,7, ,26,42,1,5,5, ,3
"Fiorini, Brayden",GC,5,45,18,20,65,2, , ,9,14,7,2,5,2, , ,15,45, ,1,3, ,1
"Cameron, Darcy",CW,8,38,31,26,64,4,2,32,11,1,10,5,12,6,5, ,41,26,14,6,11, , 
"McAsey, Fischer",AD,10,35,21,29,64, ,2, ,12,8,11,1,13,4,2, ,27,38,5,2,26,1, 
"Neal-Bullen, Alex",ME,7,36,14,27,63,7, , ,16,2,10,3,13,1,5, ,26,37,1,3,7, ,3
"Ziebell, Jack",NM,8,38,25,25,63,1,7, ,16,2,12,4,14,3,6, ,33,34,5,9,5, ,2
"Ahern, Paul",NM,6,35,13,28,63,1,1, ,7,4,5,5,14,3,1, ,34,31,3,1,5,2,2
"Lienert, Jarrod",PA,5,46,10,17,63, , , ,6,16,11, ,6,3, , ,15,41, , ,18,1, 
"Larkey, Nick",NM,10,41,23,21,62,14,4, ,10, ,14, ,17,10,8, ,32,34,11,10,16, ,2
"Brown, Ben",NM,9,49,31,13,62,8,8,4,6,1,11, ,12,6,3, ,31,35,6,12,17, ,1
"Corbett, Josh",GC,7,45,31,17,62,3,6, ,7,1,13, ,13,8,7, ,30,36,8,7,3, ,3
"Gardner, Ryan",WB,9,32,21,30,62, , , ,13,6,3,1,17, ,10, ,18,42,1, ,66, , 
"Cox, Mason",CW,9,32,28,27,59,11,2,33,5,1,7, ,12,12,5, ,44,14,18,9,20,1,2
"Chol, Mabior",RI,10,38,14,21,59,8,3,57,17,5,10,9,9,3,7, ,38,26,4,8,18, ,4
"Georgiades, Mitch",PA,7,39,20,19,58,8,6, ,14,1,13, ,14,11,5, ,30,28,8,9,4, ,3
"Wicks, Sam",SY,7,31,15,27,58,3,1, ,32,5,8,2,15,5,8, ,28,32, ,2,9, ,2
"Jacobs, Sam",GW,7,34,15,23,57,2, ,172,19,7,10,20,10,4,3, ,43,18,5,1,23, ,1
"Brown, Mitch",ME,5,39,30,18,57,2,3,3,6,3,7,1,6, ,2, ,14,42,4,7,5, , 
"Narkle, Quinton",GE,5,27,9,30,57, ,1, ,18,4,12,9,12,4,4, ,27,32, ,1,4, ,2
"Sparrow, Tom",ME,5,26,9,30,56,2,1, ,13,4,5,9,8,3,5, ,29,31,2,1,4, ,1
"Crocker, Ben",AD,7,45,22,10,55,4,5, ,17,3,16,4,12,7,1, ,21,32,2,3,7, , 
"Smith, Roarke",WB,5,22,10,33,55,2,1, ,5,1,6,5,6,2,2, ,26,31, ,1,10, ,2
"Puopolo, Paul",HW,6,27,7,27,54,4,1, ,15, ,8,4,6,6,2, ,30,22,1,2,3, , 
"Bennell, Harley",ME,5,26,7,28,54,3,2, ,5,2,11,3,6,1,2, ,14,40, ,1,4,2,3
"De Koning, Tom",CA,7,26,10,28,54, ,2,87,16,4,12,14,18,3,9, ,38,17,6, ,11, ,1
"Cottrell, Matthew",CA,5,44,8,9,53,2, , ,4,9,14,5,11,3, , ,25,27,1,1,4, , 
"Howe, Daniel",HW,5,36,16,17,53,2, , ,5,4,8,3,4,3,1, ,14,37,1, ,14, ,3
"Cunnington, Ben",NM,3,18,6,35,53,2, ,1,12,3,3,12,8,3,2, ,33,20,2,2,2, ,2
"Greenwood, Levi",CW,4,28,7,25,53,1, , ,8,1,7,5,9,1,1, ,20,36, , ,6,2, 
"Bonar, Aiden",NM,6,24,10,29,53, , , ,11,3,5,3,8,4,3, ,21,32, , ,11, ,1
"Riccardi, Jake",GW,5,37,30,15,52,9,6,1,2,1,6, ,9,1,2, ,15,38,4,14,2, ,2
"Jackson, Luke",ME,6,19,9,33,52,3,2,29,8, ,6,6,8,7,3, ,28,26,5,2,7, ,4
"Woodcock, Boyd",PA,5,28,12,24,52,3,3, ,8, ,10,1,6,2,2, ,18,34,1,3,1,1,1
"Poholke, Myles",AD,5,29,15,23,52,2,1, ,12,2,8,7,11,1,5, ,23,31,1,3,4,2,2
"Sier, Brayden",CW,3,14,4,38,52,1,1, ,10, ,6,14,11,1,6, ,22,32, , ,1, ,1
"Greaves, Damon",HW,3,35,17,17,52, , , ,5,20,4,1,1,1, , ,10,36, , ,3, ,2
"Langdon, Zac",GW,7,24,8,27,51,2,6, ,23,1,6,3,16,7,7, ,33,22, ,3,7, , 
"Phillips, Ed",SK,4,28,16,22,50,3, , ,4,7,7,3,5,2,2, ,15,37, , ,4, ,1
"Graham, Caleb",GC,7,36,25,14,50, , , ,2,16,1, ,13,2,7, ,11,37,4, ,55, , 
"Young, Hayden",FR,5,33,16,17,50, , , ,7,11,6,1,7,2,1, ,13,37,3, ,5,1,1
"ONeill, Xavier",WC,5,25,9,24,49,1,1, ,9,2,8,1,8,1,1, ,15,37, ,1,5, ,2
"Fantasia, Orazio",ES,5,27,15,22,49,1, , ,6,6,5,1,5,2,2, ,11,36, ,3,7,3,3
"Logue, Griffin",FR,5,22,12,27,49, , , ,5,8,4, ,5,3,1, ,29,21,6, ,27,1, 
"Lemmens, Sean",GC,6,29,7,19,48,4, , ,9,1,13,2,12,2,2, ,20,28,2,1,3, ,3
"West, Rhylee",WB,4,23,12,25,48,1, , ,7, ,7,2,10,3,4, ,18,34,2,1,4, , 
"Jiath, Changkuoth",HW,5,27,13,21,48, , , ,8,9,3,1,12,1,5, ,19,32,1, ,13, , 
"Thomas, Tarryn",NM,6,24,8,23,47,3,2, ,19,1,8,1,6,1,2, ,20,27,1,1,6, ,2
"Banfield, Bailey",FR,5,26,8,21,47,2, , ,18, ,9,3,11,8,3, ,28,19, ,1,4, ,2
"Fort, Darcy",GE,5,31,9,16,47,1, ,107,9,2,8,19,17,3,13, ,27,14,4,1,23, ,2
"Murphy, Tom",NM,5,28,16,19,47,1,2, ,8,6,10,1,9,1, , ,15,32,1,2,2,1, 
"Laverde, Jayden",ES,6,30,20,16,46,6,3, ,15,1,8,2,11,3,6, ,15,32,4,8,5, ,5
"Lewis, Mitch",HW,8,28,15,18,46,5,5,15,5, ,7,1,9,3,5, ,23,28,3,6,8, ,2
"Impey, Jarman",HW,5,22,13,24,46,2,3, ,9,1,2,2,10,1,5, ,14,34,1,3,2, ,2
"Gibbs, Bryce",AD,3,25,9,21,46, ,1, ,3,11, ,1,8,1,4, ,11,27, ,1,2,1, 
"Hill, Bobby",GW,5,28,10,15,43,4,5, ,11, ,7,3,9,3,4, ,23,19,2,2,2, , 
"Glass, Conor",HW,4,26,13,16,42,1, , ,10,3,7,3,11, ,1, ,9,35, ,1,11,1, 
"Baker, Oskar",ME,3,30,8,11,41,2, , ,5,6,6,1,6,3,3, ,10,27, , ,2, , 
"Bellchambers, Tom",ES,7,30,10,11,41,1, ,139,10,4,9,12,14,9,7, ,27,17,4,1,25, ,1
"Berry, Tom",BL,6,16,10,25,41, ,2, ,12,1,5, ,7,2,4, ,24,17,3,3,5, ,3
"Jong, Lin",WB,3,12,10,29,41, ,1,1,9, ,4,2,7,2,5, ,15,24,4,2,3, ,1
"Frampton, Billy",AD,5,22,17,18,40,5,1,20,5,1,3,2,11,2,8, ,16,25,3,5,8, ,2
"Marsh, Jonathon",SK,5,20,10,20,40,2,3, ,13,1,7,2,6,3,2, ,15,26,1,5,12, ,2
"Moore, Dylan",HW,3,18,14,22,40,2,1, ,5,1,6, ,3,2, , ,13,27,1,2,3,1,1
"Martin, Stefan",BL,6,24,7,16,40,1,1,105,13,3,8,15,11,5,8, ,27,11,3,2,4, ,2
"Heppell, Dyson",ES,3,15,4,25,40,1,1, ,3,2,5,10,2,4,2, ,18,23, ,1,2, , 
"Scharenberg, Matt",CW,3,25,12,15,40, , , ,8,3, , ,2,1,1, ,10,27, , ,14, , 
"Hosie, Lachlan",NM,5,24,12,15,39,3,1, ,4,2,3,1,7,4,2, ,15,24,3,1,3, ,1
"Petruccelle, Jack",WC,5,22,9,17,39,2,5, ,7, ,8,5,9,2, , ,24,17,2,3,3, , 
"Minchington, Darren",HW,4,24,6,15,39,2,2, ,5,2,6,2,6,1,1, ,20,21,1,1,1,4,2
"Bytel, Jack",SK,3,9,3,30,39, , , ,8,1,3,9,5,3,4, ,16,25, , ,1, ,1
"McLean, Hayden",SY,6,24,13,14,38,5,1,14,15,2,5,2,9,1,5, ,19,22,4,7,11, ,3
"Daniher, Joe",ES,4,31,25,7,38,3,6,2,1, ,12, ,12,4,8, ,16,23,9,9,5,2,2
"Coleman, Keidean",BL,4,24,9,14,38,2,1, ,21,2,5,3,13,2,7, ,18,19,1,1,2,1,2
"Clark, Jordan",GE,3,24,12,14,38,1,1, ,9, ,4, ,9,1,4, ,7,32, ,1,3, , 
"Smith, Joel",ME,7,23,9,15,38, , , ,10,11,2, ,13,3,6, ,18,22,1, ,33, , 
"Atkins, Rory",AD,4,20,4,17,37,2, , ,8,3,6,1,5,1,3, ,16,24,1,3,3, ,1
"Jetta, Neville",ME,6,14,6,23,37, , , ,8,3,4,1,11,5,6, ,24,14,2, ,10, , 
"Hunt, Jayden",ME,6,27,10,8,35,10,2, ,7,1,5,1,6,4,2, ,13,22,1,3,8, ,1
"Daw, Majak",NM,4,17,9,18,35,3,1,23,8, ,6,3,9,3,3, ,16,20,2,2,9, ,1
"Phillips, Andrew",ES,5,17,8,18,35, ,1,107,13,2,5,20,13,5,10, ,34,11,4,1,24, ,1
"Cumming, Isaac",GW,3,21,11,14,35, , , ,5,8,2, ,3, ,1, ,9,19,4, ,3, ,1
"Constable, Charlie",GE,2,13,4,22,35, ,1, ,8,2,3,5,8,2,2, ,18,18, , ,1, , 
"Mosquito, Irving",ES,4,15,9,17,32,2,4, ,7,1,3,2,3,1,2, ,12,21,1,2,1,1,2
"Guthrie, Zach",GE,3,22,7,10,32,2, , ,2,4,1,1,7,2,3, ,7,25, ,1,2, , 
"Sutcliffe, Cam",PA,4,18,3,14,32,1,2, ,6, ,1,1,3,1, , ,9,19, ,1,5, ,2
"Taylor, Sam",GW,4,10,11,22,32, ,1, ,10,8, ,1,7,5,4, ,20,12,4, ,24, , 
"Matera, Brandon",FR,5,25,8,6,31,3,3, ,12, ,11,2,3,4,3, ,11,16, ,3,3, ,1
"Flanders, Sam",GC,5,17,4,14,31,2,1, ,14,1,9,1,10,2,2, ,15,15,1,1,4, ,1
"Taylor, Elijah",SY,4,17,4,14,31,1,1, ,2,3,8,1,10,5,2, ,22,11,2, ,7,1,1
"Duryea, Taylor",WB,2,23,8,8,31, , , ,9,4,4,2,3,2, , ,10,19,1, ,5, , 
"Payne, Jack",BL,4,20,15,10,30, , , ,2,8,1, ,9, ,4, ,16,16,3, ,24,1, 
"Watson, Tobe",FR,3,21,12,9,30, , , ,7,6,3,1,3,1, , ,9,23, , ,12, , 
"Butler, Louis",WB,2,24,6,6,30, ,1, ,1,5,3, ,4, ,2, ,9,19,1, ,2, , 
"Milera, Wayne",AD,2,17,7,13,30, , , ,2,8,1, ,3, ,1, ,7,20,1, ,4,1,1
"Patton, Jonathon",HW,6,18,11,11,29,3,2,5,4,1,4,1,8,4,6, ,16,15,2,3,8, ,2
"Ronke, Ben",SY,3,19,6,10,29, , , ,11,3,7,2,11,2,3, ,14,14, , ,1, ,4
"Perez, Flynn",NM,3,15,7,13,28, , , ,8,4,2,1,5,1,2, ,10,20,2, ,5, , 
"Hartley, Michael",HW,2,20,3,8,28, , , ,5,15, , ,3,1,2, ,6,8,1, ,8, , 
"Dow, Paddy",CA,3,12,6,15,27,1,2, ,3,1,3,4,3,2,1, ,13,15, ,2, ,1,1
"Smith, Archie",BL,5,9,2,18,27, , ,56,5,1,3,9,10,3,5, ,17,10, , ,9, ,1
"Ling, Matt",SY,3,20,5,6,26, , , ,2,7,3,3,9,1,3, ,7,18, , ,6, , 
"Walker, Will",NM,2,12,4,14,26, , , ,7,4,2,3,4, ,3, ,9,17, , ,1, ,1
"Stoddart, Ryley",SY,2,16,4,10,26, , , ,3,2,5, ,8,3, , ,8,15, , , , , 
"Cavarra, Ben",WB,3,15,5,10,25,4,3, ,8,1,3,2,4,1,2, ,9,15,1,1,1, , 
"Wagner, Josh",ME,2,14,5,11,25, , , ,3,3, ,2,3,1,1, ,14,12,1, ,3, , 
"Cameron, Jarrod",WC,5,16,5,8,24,2,1, ,11, ,6, ,14,2,9, ,11,15, ,1,3,1,1
"Polson, Cameron",CA,3,16,3,8,24, ,1, ,3,5,5,1,7,2,2, ,9,14,1, ,3, , 
"Hutchings, Mark",WC,3,15,5,9,24, , , ,4,2,5,4,3, , , ,8,17, , ,2, , 
"Ruscoe, Trey",CW,4,17,5,6,23,5,4, ,3, ,2, ,6,1,1, ,9,13,1,1,2, , 
"Sturt, Sam",FR,3,12,7,11,23,4, , ,3,2,3, , ,2, , ,10,13,1,3,1, ,1
"Morris, Josh",HW,4,14,5,9,23,1,2, ,6, ,6,2,4,1,2, ,12,10, ,2,2,1, 
"Preuss, Braydon",ME,3,16,6,7,23, , ,64,1,2,6,2,8,5,1, ,15,8,3, ,3, , 
"Henry, Liam",FR,3,16,8,6,22,1,3, ,4, ,2, ,4,1, , ,10,12, ,2,2, ,1
"Schofield, Will",WC,4,12,3,10,22, , , ,8,2,2, ,5,2,5, ,9,11, , ,16, , 
"Williams, Bailey",WC,3,10,5,11,21,1,1,24,5,1,3,2,7,2,4, ,9,12,2, ,3, , 
"Reid, Nic",WC,3,8,1,13,21,1,1, ,8,1,7, ,5,1,2, ,10,10, , , ,1,1
"Garner, Taylor",NM,2,8,5,13,21,1, , ,5, ,3, ,7,1,3, ,11,11, ,1,1, , 
"Bosenavulagi, Atu",CW,3,9,6,12,21, , , ,5, ,3,1,8,2,3, ,10,13, , ,3,2,1
"Gowers, Billy",WB,3,12,3,9,21, ,2, ,3, ,4,2,9,1,4, ,7,13, , ,4, , 
"Jones, Jamaine",WC,2,13,5,8,21, ,1, ,8,2,5, ,6,4,2, ,9,12, , , , , 
"Dunstan, Luke",SK,1,13,3,8,21, , , ,9, ,6,2,1, , , ,5,14, ,1,1, ,1
"Durdin, Sam",NM,3,11,8,9,20, ,1, ,2,3,3, ,3,2,2, ,7,12,1, ,4, , 
"Hayes, Will",WB,2,7,2,13,20, , , ,6,2,4, ,4, ,1, ,8,12, , ,2, ,1
"Xerri, Tristan",NM,4,13,5,6,19,4, ,9,8,1,5,3,10,4,7, ,12,7,2,2,13, , 
"Buckley, Jack",GW,2,11,7,8,19, , , ,5,2,2,1,2,2, , ,8,11,2, ,6, ,1
"OHalloran, Xavier",GW,2,9,2,10,19, , , ,6,1,7,1,4,3, , ,12,6, ,1,3, , 
"Sharp, Jeremy",GC,2,10,4,9,19, , , , ,2,3, , ,1, , ,3,15, , ,1,1, 
"Naismith, Sam",SY,2,15,5,4,19, , ,53,9,4,6,6,3,3,2, ,9,8,1, ,5, , 
"Weightman, Cody",WB,3,11,4,7,18,3,1, ,4,1,2, ,8,3,2, ,10,8,2,2,1, , 
"Dunn, Lynden",CW,2,12,5,6,18,1, , ,3,2,3, ,2,1,1, ,4,11, , ,11, , 
"Young, Lachie",WB,2,11,2,7,18,1, , ,4,2,2,1,2,1, , ,9,8, , ,1, , 
"Brand, Kaiden",SY,2,10,7,8,18, , , ,3,3,1, ,2,2, , ,8,11,3, ,9, , 
"Cahill, Ned",ES,3,8,4,9,17,2,2, ,3,1,2,1,6,1,2, ,9,9, ,3,1, ,1
"Skinner, Sam",BL,2,12,13,5,17,1,2,1,2,1,3, ,3, ,1, ,2,15, ,3,2, , 
"Reid, Sam",GW,3,7,4,10,17, , , ,6, ,2, ,4,1,2, ,4,15, , ,5, ,1
"Idun, Connor",GW,2,9,5,8,17, , , ,1,4,1, ,4,2,1, ,7,9, , ,10, , 
"Silvagni, Jack",CA,3,12,5,4,16,2,2, ,2, ,2, ,2,2, , ,10,8,2,2,2, , 
"Hickey, Tom",WC,3,6,5,10,16, , ,42,3,1,3,6,3, ,2, ,14,8, , ,7, , 
"Dow, Thomson",RI,2,2,2,14,16, , , ,4,1,1,3,4, ,1, ,7,9, , , , , 
"Bedford, Toby",ME,2,6,3,10,16, ,1, ,4, ,2, ,7, ,3, ,5,11, , ,1, ,1
"Nash, Conor",HW,2,11,5,5,16, ,1, , , ,4, ,2, ,1, ,6,11, , ,1, ,1
"Newman, Nic",CA,2,13,4,2,15, , , ,2,4, , ,5,1,2, ,1,11, , , , , 
"Foot, Zac",SY,2,7,6,7,14,1, , ,4,2,1, ,5,1,2, ,6,8,1,2,2, ,2
"Philp, Sam",CA,2,8,1,6,14,1,1, ,3, ,3, ,3,1,1, ,9,8, , ,4, , 
"Butts, Jordon",AD,2,8,5,6,14, , , ,2,5,1, ,1,1,1, ,4,9, , ,7, , 
"Warner, Chad",SY,2,9,3,5,14, , , ,3,1,5, ,4,2,2, ,8,6, , ,1, , 
"Brodie, Will",GC,1,4,3,10,14, , , ,1, , ,3,3, , , ,4,10, , ,1, , 
"Joyce, Jesse",GC,1,9,3,5,14, , , ,1,4,3, ,1, , , ,5,8, , , , , 
"Mathieson, Rhys",BL,1,8,5,6,14, , , ,2, ,4,1,1,2, , ,10,7,1, ,1, ,1
"Jenkins, Josh",GE,1,8,3,6,14, , ,7,4,1,4,2, ,1, , ,8,7,1, , , , 
"Savage, Shane",SK,1,13,4,1,14, ,2, ,3,5,4,2,2, , , ,4,9,1, ,5, ,1
"Schache, Josh",WB,2,8,3,5,13,2, , , , ,1, ,2,1,1, ,5,7, ,2,1, ,1
"Parker, Matthew",SK,2,8,1,5,13, ,2, ,5, ,3, ,4,2,2, ,7,6, , ,2, ,2
"Hinge, Mitch",BL,1,10,2,3,13, , , ,3,1,4,2, , , , ,7,6, , ,1, ,1
"Reid, Ben",CW,2,7,3,4,11,3, ,1,1, ,2, ,3,3,1, ,6,5, ,1,2, , 
"Jones, Harry",HW,1,3,1,8,11, , , ,4,1,1,3,3,1,3, ,3,8, , , , , 
"Mutch, Kobe",ES,1,5,4,6,11, , , , , ,1, ,1, ,1, ,1,10, ,1, , , 
"McCarthy, Cam",FR,1,8,3,3,11, ,1, ,1,2,1, ,2,1, , ,4,8, , ,1, , 
"Maginness, Finn",HW,1,2, ,8,10, , , ,5, ,1,2,1, ,1, ,7,4, , ,1, , 
"Fullarton, Tom",BL,2,5,1,4,9,1,3, ,2, , ,2,2,1, , ,6,3,1,1,1, ,1
"Ballenden, Connor",BL,2,5,5,4,9,1,1,5,1, ,2,1,2,1,1, ,5,5,1,3, , ,1
"Appleby, Flynn",CW,1,4,1,5,9,1,2, ,2, ,1, ,2,2,1, ,5,5,1,1,2, , 
"Porter, Callum",WB,1,4, ,5,9, , , ,4, ,1,1,6,1,3, ,7,3, , ,1, , 
"Naish, Patrick",RI,1,3, ,6,9, , , ,3, ,2,1,2,1, , ,5,4, , , , , 
"Roberton, Dylan",SK,1,7,1,1,8, , , , ,4, , ,2, ,2, , ,4, , ,6, , 
"Trengove, Jackson",WB,1,2,1,6,8, , ,3,4,1, ,1,1,2,1, ,2,6, , ,3, , 
"OBrien, Lochie",CA,1,5,2,2,7,1, , ,2,1, ,1,1, ,1, ,2,5, ,1, , , 
"Hutchesson, Tom",GW,1,4,2,3,7, ,1, ,1,1,2, ,1,1, , ,2,5, , ,1, , 
"Keane, Mark",CW,1,5,1,2,7, , , ,2,1,1, ,2, ,1, ,1,6, , ,6, , 
"Robertson, Deven",BL,1,3, ,4,7, , , ,3, , , ,1, ,1, ,4,3, , ,2, , 
"Broomhead, Tim",CW,1,2, ,5,7, , , ,2, ,1, ,2,1,1, ,3,4, , , , , 
"Farrar, Jy",GC,1,3,2,3,6,1, , ,1, , , , , , , ,2,5, , ,1, , 
"Moore, Callum",CA,2,2,2,4,6, , ,3,4, ,1,1,4, ,3, ,5,2,1, ,5, , 
"Sheridan, Tom",GW,1,4,3,2,6, , , ,1,1, , ,2, ,1, , ,6, , , , , 
"Kelly, Will",CW,1,4,2,1,5,1,1, , , ,1, ,1, ,1, ,3,3,1, ,1, , 
"Davis, Ben",AD,1,4,2,1,5,1, , ,2, ,2, , ,3, , ,4,2,1, ,1,2, 
"Begley, Josh",ES,1,3,2,2,5,1, , ,4, ,1, ,3,1,1, ,3,2, ,1,1, , 
"Brayshaw, Hamish",WC,1,3,1,2,5, ,1, ,1, ,1, , ,1, , ,1,3, ,1, , , 
"Jarvis, Ben",GE,1,3,3,2,5, ,1, ,1, , , , , , , ,2,4,1,1,1, , 
"Owies, Matthew",CA,1,3,1,2,5, , , ,1, , , ,3, ,2, ,4,2, , ,1, , 
"Byrnes, Ryan",SK,1,2, ,3,5, , , ,2, , , ,2,1, , ,3,2, , ,1, , 
"Adams, Marcus",BL,1,2,1,3,5, , , , ,2, ,1,1, ,1, ,4,1,1, , , , 
"Brooksby, Keegan",HW,1,4, ,1,5, , ,10,2, , ,2,2,3,2, ,5, , , ,2, ,1
"Campbell, Tom",NM,1,3,1,2,5, , ,2, , ,3,1, , , , ,1,3, , ,5, , 
"Lang, Darcy",CA,1,2, ,2,4,1,1, ,2, , , , , , , ,3,2, , ,1, ,1
"Honey, Josh",CA,1,3,2,1,4, ,1, ,1, , , ,1, , , ,1,3, ,1, , , 
"Strachan, Kieran",AD,1,1, ,3,4, , ,10,4, , , ,2,2,2, ,4,1, , ,2, , 
"Young, Lewis",WB,1,3,3,1,4, ,1,1, ,1, , ,4, ,3, , ,4, ,1, , , 
"Dickson, Tory",WB,1, , ,4,4, , , ,1, , ,1, ,1, , ,1,3, , ,1, , 
"Abbott, Ryan",SK,1,2,2,1,3,1, ,2, , ,1, , , , , , ,3, ,1, , , 
"Foley, Luke",WC,1,3,2, ,3, , , ,1, ,1, , , , , ,1,3, , ,4, , 
"Amartey, Joel",SY,1,3, , ,3, , ,8,2, ,2, ,3,1,2, ,2,1, , ,3, , 
"Edwards, Harry",WC,1,2, ,1,3, , , , ,2, , ,1, , , ,2,1, , , , , 
"Knight, Riley",AD,1,2,1,1,3, , , ,5, ,1, ,2, ,2, ,1,2, , , ,1, 
"Eagles, Matt",BL,2,2, , ,2, , ,15,4,1, ,1,2, ,1, ,3, , , ,2, , 
"Lynch, Max",CW,1,1, ,1,2, , ,2,5, ,1, ,2, ,1, , ,2, , , , , 
"Kreuzer, Matthew",CA,1, ,1,1,1, , ,7,1, , , , , , , , ,1, , ,2, , 
